ave_flot_air_flow,ave_flot_level,iron_feed,starch_flow,amina_flow,ore_pulp_flow,ore_pulp_pH,ore_pulp_density
0.16596303165145312,0.31448515981398845,0.029812975991247416,0.8521245027330363,0.31233895521727556,0.22127604803627482,0.00554695784380264,0.0009452852784788273
0.09521289997106386,0.18006196547386702,0.020313023863019166,0.9627679035130514,0.12278825138611876,0.12684699990243536,0.0031841610287308276,0.0005313673362258555
0.14859597568381572,0.20708357211112502,0.02563038309597481,0.9023051371933677,0.28441155059970713,0.19826635126621994,0.0048887390789337576,0.000881532955067866
0.0849777982397386,0.11993035172027679,0.019208333288095566,0.9688668794352573,0.15786846546235947,0.1199668510089597,0.002954947768533729,0.0005147460500816683
0.10430074701375885,0.17309423497792742,0.022264374697256666,0.9538594537931099,0.17189953693311463,0.1387606627993838,0.0034429056340519125,0.0005950471237214225
0.1061895955894018,0.17330208686361886,0.020938164025652815,0.9466548384365052,0.20211037501478826,0.1457142208486533,0.0038402867865466456,0.0006172361880239241
0.125864665373055,0.18449364671648183,0.02337558711545056,0.9381720191853149,0.1937618801472178,0.17844876130876805,0.004347543169722472,0.0007049355352952836
0.09570098260672984,0.1916904275060115,0.017826446542441653,0.9551699491389585,0.15240894262614424,0.13486576328043454,0.003330468957184277,0.0005797198543827546
0.062145789684304294,0.08338313046398538,0.011035635486952244,0.9885059979133655,0.07109496776587139,0.08282616822918834,0.002118938708260639,0.00032051650735535913
0.0856780158137533,0.11440351183787859,0.01828921055609126,0.9774699795263582,0.10365904786656824,0.11417322388970173,0.002850422070726655,0.00045806484447983637
0.0946137443657964,0.13177281489630735,0.020198738308202756,0.9657855086945026,0.1570210596065389,0.12597017260877827,0.0031844609400654197,0.0005370840905916231
0.07776657884800706,0.1148346632144777,0.017575981246504658,0.9745864142178015,0.13632328250554468,0.10975477601375935,0.002716570144227405,0.0004873189295755753
0.09171824610019738,0.12741855221592058,0.01957035470212338,0.9663847910026379,0.1616936041009544,0.12212909618143056,0.0030196744190568404,0.0005066007074168355
0.11307440515343893,0.16392458492284115,0.019644508286338017,0.9438860406436478,0.2153253699739291,0.15052454728959658,0.0036132882472246814,0.0006593832051382258
0.08250947012390844,0.11024072524961756,0.013643435582900588,0.9708643474786905,0.16172709221330628,0.11005698129789991,0.0026489616723161516,0.00048663175313758546
0.11539779780446939,0.15403760973400246,0.02143107406884303,0.9408660773297721,0.23123451836708125,0.1542177178128373,0.0038137802527647593,0.0006668972819424879
0.08978603383572793,0.12488427916924519,0.01917456209430173,0.9678887120769013,0.15750684614949773,0.11978576065721715,0.0029809952216117487,0.0004906876150074226
0.0949553663617347,0.11174915945868005,0.016043943588597315,0.9623284633031983,0.18988417389640463,0.12686783729442724,0.003221430135730442,0.0005469020145372848
0.08690912390443416,0.15543296471696696,0.019114504087095887,0.9628922395225349,0.16228530737282648,0.12006521446634459,0.0028510287545660136,0.0005132088640730137
0.08362170679327581,0.1582521027621617,0.017852720315110978,0.9718442608932552,0.10356188421751598,0.1114942827787119,0.0027284655682614624,0.0004599903780551358
0.12526342845222768,0.1660807332442624,0.026742172200875075,0.9390496253305782,0.21468962794552582,0.16759303586779922,0.00416796657125196,0.000697829354496319
0.08387667176733894,0.12341356633548986,0.01676346320652465,0.9694633974928744,0.15381792660228585,0.11800258936432917,0.002945831421251584,0.0005091530331755461
0.08967101265464257,0.1280601091786111,0.01765669894414506,0.96412716635292,0.1752153884963445,0.12245967370713796,0.003112764820177837,0.0005221629331543025
0.06680890644198376,0.09789995357336811,0.012455138968550663,0.9811360964568263,0.11908752667818251,0.0947683801456013,0.0024404357072390077,0.00039779505334635657
0.07830381721361007,0.10437202763461713,0.016728729859071312,0.9743187386877382,0.14991099413257472,0.10448681152604199,0.002672184319855869,0.0004433764975882388
0.16252162485799163,0.23873421933620462,0.030179638890834637,0.8860692456563096,0.2791693848711285,0.22933461318846257,0.005688229834196152,0.0009534441020280447
0.1358171889529257,0.22611261857452145,0.025220919373801585,0.9086361747004985,0.2595213427803401,0.19182241394167118,0.004808642758324526,0.0008326246367651557
0.09768267293623592,0.1356646070874359,0.0208474798592662,0.9691828855470402,0.12368217372768776,0.1303666712212897,0.0031791855273363167,0.0005200520466111334
0.11567155521007132,0.15628665941779785,0.0231341323653237,0.9540083785583725,0.16661049504477027,0.1541206344551286,0.003843208332115622,0.0006322098058012299
0.1096701057217276,0.19808603504427466,0.024084161894385548,0.9394616254752524,0.20728870404214317,0.15027808000619564,0.003700614142003157,0.0006287589501953967
0.1420326668457896,0.19718551756558822,0.02566659252113215,0.9275452610479706,0.2097508904850556,0.18954562320818244,0.004695323259323312,0.0007632494405112934
0.09802786389354873,0.15263315489399004,0.016572998348580545,0.9582067623507823,0.1780368694154118,0.13019300943331513,0.003339370545463899,0.0005443035561167067
0.12511457641273088,0.1759301900018228,0.02670991127646285,0.9419089926452897,0.19436036322560984,0.1664200704330591,0.004107336548473838,0.0006930936925910912
0.10829920185078376,0.14463305289022632,0.017900979152108847,0.9498394531598388,0.20975684740659323,0.14431418409357685,0.003497500924945165,0.0006162623489365847
0.10553175287690526,0.13827596760254357,0.018874099462007188,0.9557368113629511,0.19023411979140512,0.1405415647049245,0.003524133006102087,0.0005919777204123369
0.09670035916134347,0.1346206192765667,0.020649188979250676,0.9653242798755696,0.15354939665198866,0.12907883386655924,0.003151547020667452,0.0005294031631675365
0.09962898318234883,0.14906872634786064,0.021252113673268395,0.965382616557873,0.1331916010703201,0.13298567200903652,0.0034443053948348882,0.0005263576235643978
0.08577916357297954,0.17230696862555048,0.015883567980223095,0.9643398684788479,0.13371166394899942,0.121902993177103,0.0030256424404637196,0.0005202465618585156
0.0975730365501082,0.13002693422091502,0.02097621525597004,0.9634430064908192,0.16726107538782337,0.13009132099413573,0.003125954832972416,0.0005289815304270937
0.13604986369371486,0.19039522992307356,0.029061526193121138,0.9231434961579846,0.2436198914753111,0.18119180266716714,0.004463402172659396,0.0007492481739534214
0.10070805234894102,0.19543960950696637,0.022111018462913086,0.9521254256879202,0.15972442501727405,0.13822169073651658,0.003475569935278503,0.000562605938194612
0.08937837185074593,0.16862680433251862,0.014808467800810188,0.9586260637664151,0.17348529719659742,0.11952589069330549,0.003071971620649844,0.000512597264837424
0.09683861099814531,0.1542476515494579,0.0206827791189667,0.964992334163748,0.13618551182136965,0.12897545453569947,0.003241183001137937,0.0005443294576592312
0.059163328112237096,0.08898550838923731,0.009680896923747483,0.9819480714328542,0.13397163174770216,0.07945926467471166,0.0018063238979700012,0.000330886129090587
0.1161253068661875,0.1730593702717542,0.01942068488572934,0.9452673263812338,0.19590668910481587,0.15577075545421942,0.0036761991640730566,0.0006423472095872907
0.0644677262736223,0.08081430805407343,0.009802247570907998,0.981926512764099,0.1329168851516664,0.08582461758800418,0.0020722049650105947,0.00037680283916480587
0.1087702668792709,0.2054436033771924,0.01887300625664534,0.95010595364995,0.1476615027555,0.14521240218475215,0.0036815198874967513,0.0005715025827444995
0.1414029147549412,0.1889180888512837,0.025722594536438416,0.9247662353574103,0.22987608365608267,0.18866918692948068,0.0046038492491150195,0.0008112429867700806
0.08379597530314173,0.11171952041386958,0.014162656423120796,0.9631750429777285,0.1999387251203608,0.11228173928197596,0.0027071091985812878,0.0004772946971060082
0.08124120588797974,0.1196015372589995,0.01622253998524162,0.9725683829544164,0.14081840725999853,0.11447675770084348,0.0028156053462183787,0.0004784502102557108
0.16438621595244804,0.22978288351807824,0.029712275246259974,0.8811290153199622,0.30786187304891904,0.21931008310613181,0.005389304033058998,0.0009733862278559884
0.09697163020455367,0.15036765130909716,0.021343296369224357,0.962565960412004,0.15255678208567822,0.13308717691588304,0.0033531203038964117,0.0005441469650080992
0.06104494620696627,0.08151275920232445,0.009325587151341325,0.9836813079590204,0.12321124011200328,0.08202600696441238,0.0019752627376958642,0.00035391351967645874
0.09751740757866913,0.1406736699209653,0.016822821850033767,0.9634411309597688,0.15876904627707536,0.13031037247945718,0.00328015571867322,0.0005394414341927729
0.06004836810093773,0.09812816842881188,0.010798799436121501,0.9832008078469107,0.11457692231113371,0.08265682511665426,0.0021138558614490106,0.0003509670671217966
0.23469738484958058,0.31274881828100876,0.03551557334659577,0.7353395848837674,0.4554776934260304,0.31240677337963324,0.007739933152137487,0.001351049244741128
0.0974913422959368,0.18970091758512775,0.021409737340994463,0.9568229255674939,0.14391785789804096,0.13347941557009105,0.0033303939639395593,0.000562648469466257
0.15809910570110802,0.21085509270385797,0.026312291576002473,0.8923548996350182,0.2988502467161004,0.21027972224106317,0.005032950454202841,0.000914837923322586
0.16128113712299702,0.25094951353079975,0.03122062552171855,0.898895891355431,0.23616170345331852,0.21500435591414857,0.004910662219618037,0.0009206898823965718
0.0836492933516201,0.15766086836851673,0.017865706447637433,0.9710467885934387,0.11167733214450039,0.11142175367590354,0.0028176601131114855,0.0004735893964466942
0.07547578713443011,0.10651243966435636,0.012275539810621664,0.9767170930370737,0.13669814679041375,0.10068922615953474,0.0025793019044174762,0.00042502458522273505
0.08828940180691096,0.13419907288721608,0.015385381115586376,0.9688430506530232,0.1468640497621516,0.1171502289127085,0.0029274383667264956,0.0004779872701098445
0.16701660291070328,0.28116222844761657,0.032923979489981874,0.8709550794146477,0.2855567861902278,0.2276570522047349,0.005934512605368775,0.000941735208373509
0.08325425730697605,0.13887412112326655,0.014500738515512984,0.9707420833004763,0.13735061937655554,0.11116888596431401,0.002881971410917473,0.0004730809410294831
0.08781744940253129,0.12928046815766212,0.016502838025342404,0.9687175762574164,0.14672059294896447,0.12390761073713015,0.0028779440181655753,0.000508885825832227
0.0835741845127353,0.12299643409484819,0.018882575485726052,0.9692394425925008,0.1553269839828867,0.11819583464380658,0.002932775979256282,0.0005056616225208548
0.10037536908472307,0.16699670195118158,0.018473356354531498,0.9621599100290933,0.13437198715206586,0.13370388434654856,0.0033235588146238084,0.0005690277628340142
0.07439014690784336,0.08823207443539308,0.01382224417503752,0.9787665965529722,0.1320231744334335,0.10521058965292437,0.0025533460426549882,0.00044247409338613573
0.11230601946636797,0.12410175662318845,0.025378806914755612,0.9599526614090952,0.1575835176907608,0.15806811386923134,0.0037949855211477507,0.0006484001550504502
0.09986466370847592,0.13287280164133844,0.019845411848462623,0.9599156771059448,0.18116523935431753,0.13307254222144194,0.003232613599341418,0.0005698832403097181
0.09015619968807077,0.15045734073765252,0.015616118197173047,0.9666921018934517,0.14149784541812407,0.12027337739490357,0.0030610957019103703,0.0005190283097791994
0.0766032841735174,0.1024328931877354,0.016356120877929377,0.9760727649660964,0.14225267747432285,0.10203614460062499,0.002545553639051642,0.0004417594196343658
0.06492782820443664,0.08642171698004451,0.011102296535138242,0.982142107343337,0.12686582436933036,0.08654304511325672,0.002123769186829569,0.00037082039758033183
0.08243598928118558,0.13741837928208112,0.01558422982654549,0.9683787090314885,0.15542410463513393,0.11025590805347905,0.002658042589763384,0.0004707751057716656
0.18107266272709727,0.3731034683607708,0.03267236140289701,0.8342936326553257,0.26907830891770057,0.2417731865056477,0.00589842229651039,0.0009708720455851403
0.13885915483044722,0.2117938224297051,0.030505396054110952,0.9197388715029792,0.22909225689527163,0.19106574980634175,0.004620278697253882,0.0007817062924586828
0.08329268944803646,0.11089591546607032,0.013803853152668794,0.9716186623905845,0.15546850204482002,0.11114750142363862,0.002569220553702322,0.00047880569592384216
0.05460393571570173,0.09096044545867166,0.008986637134233692,0.9864322823373449,0.10164495600058479,0.07266150674028331,0.0019271548392059534,0.0003077566678137635
0.12398916563026029,0.17550905042909593,0.021467407179343794,0.9374270700677525,0.21762865768835585,0.1649668911492678,0.004010802213024064,0.0007102111602260584
0.09375453863604769,0.17725915627385047,0.02002059652794548,0.9646145892978341,0.11511711158836424,0.12508205283254245,0.00306913392760658,0.0005088480561406476
0.07210763343655087,0.09604172949135,0.011936891168533796,0.9784636272569982,0.13695851778684479,0.09633323278141047,0.002239577708407631,0.0004160769160236732
0.08362519169088321,0.09611132860910689,0.018905257487391098,0.977432387522794,0.11865754604746752,0.11811142369012312,0.0027937943107125356,0.00048162404029271615
0.09687055860616434,0.12609775731146575,0.019094377042182697,0.9572003210025066,0.2005218173673552,0.13378208782618056,0.003380178569742794,0.0005734490520612135
0.125809855902025,0.19554198013482954,0.02507092048843775,0.9298570841031679,0.22939807380880176,0.1674243307146159,0.004189091902250159,0.0007314222359243747
0.09417583276879885,0.124642925633084,0.020105162788929022,0.9674755636485859,0.15325111753704862,0.12524323581651922,0.0031325353771387192,0.0005327869883488306
0.0905284241999642,0.13928086076212623,0.01475558705275859,0.9619045008871073,0.17981909359863577,0.12075875322675465,0.0030970092560020108,0.0005250630810339525
0.1034183088452242,0.17221901970507622,0.01903898549467519,0.9571547289343926,0.1550146121900763,0.13818823199753708,0.003426553340352042,0.000588076899707982
0.0909945530725579,0.17197824979675944,0.019425382303509233,0.9665549003153558,0.11355932299474603,0.12096501782845394,0.003040580221305871,0.0005015988024184075
0.09046092279944841,0.13962554411530453,0.019860623502911613,0.9679509318514093,0.14011735535403363,0.1239163447624936,0.0031128970449673145,0.0005041231227746666
0.09062492339622087,0.1259361407047748,0.019348398507553117,0.9669622446129849,0.16085552331340933,0.12104994457682927,0.0030034495299161414,0.0005094315108649524
0.06752040112975964,0.09006062729273787,0.011419441211801782,0.9809286611936981,0.1297066005805417,0.09027696810180104,0.002181106126482706,0.00038265691605745736
0.08623456169262307,0.1267936703394712,0.017011872856076218,0.9685247941927149,0.15271076227717756,0.12176787488700055,0.0030050035712917526,0.0005122803708680096
0.109222636824595,0.14552826010090802,0.018053144668186485,0.949516888764996,0.20894714372538745,0.14598754005260164,0.0034706374007631635,0.0006220845133269409
0.08938175667984488,0.14572578745013326,0.01445879821003803,0.9686148015787723,0.1343796527065464,0.11951481251778379,0.003044484588613141,0.0005053737204519715
0.08704742419127537,0.16974576680030193,0.019115475181315813,0.9668982478000107,0.11851674554622017,0.11956752282220173,0.0029377726186580843,0.0005055771348785783
0.07709958172191823,0.11349167655969333,0.017425058190959193,0.9749845973958834,0.13571326370674505,0.10886297016226817,0.0026927943410092847,0.00045681282125091636
0.07647895466856301,0.1277602655065228,0.014648563264286008,0.9734044057383701,0.14029340673201834,0.10202154958813257,0.0025964601046833055,0.00043402305822592285
0.09555723636674884,0.18040840333156444,0.020395453506662022,0.9577048017020879,0.1564690266876826,0.127334993593775,0.0031824580672706743,0.0005252740803647979
0.0769829255864733,0.10256687957397445,0.013011470588810838,0.9757482010403119,0.14421443785538207,0.10244991843925608,0.0024160918610713436,0.0004322132364151301
0.13945348617562017,0.2011961330316028,0.022024928706020894,0.9334801864597876,0.18339319700643789,0.18587600457057502,0.004348801990325251,0.0007870114210416163
0.19657249562823118,0.2513290953365832,0.03195699505524966,0.8210660693025696,0.3930976463466412,0.2616407819911802,0.0062627854841628096,0.0011485907036190835
0.08191630978739908,0.10927188542775491,0.017487266304707517,0.9729700443629351,0.14988774838363123,0.10908244737631032,0.0027086757714137625,0.00045515920281605877
0.07483613273381062,0.10423395973629068,0.01597586776970972,0.981420799961259,0.1006800062890316,0.09974982721097782,0.002482426183165075,0.0004071766371720689
0.0746514392119303,0.09560258280804629,0.014303131765092049,0.9767959166361986,0.14500341373290454,0.09959940058054331,0.0025010207723688647,0.00042515111880358727
0.06328126651693385,0.10792341056679777,0.013222100514985766,0.9817037388556112,0.1116784234179999,0.08918312256933936,0.0022630944015336533,0.0003777961227790115
0.07853068612905224,0.11530998602753122,0.017768615604756077,0.9737253944683131,0.1403062006587265,0.11129562027557223,0.002628021245729979,0.00046839510057676987
0.07707624654266161,0.11131606268883834,0.013305491553657752,0.9771482813581406,0.12665936754594911,0.10306625599301343,0.0025976042055882256,0.0004364407529580465
0.08275395377255229,0.13864289260485635,0.01545354657568506,0.9674731152467849,0.15966149311637784,0.1104003931151139,0.0025750647381720185,0.000469569541570585
0.0940546422628134,0.15469032979080638,0.020081814246544274,0.9615682939424033,0.16261917033758497,0.12550763644877672,0.0032133971154344448,0.0005250428789445197
0.09085292723703885,0.17171471769670793,0.019420156075043632,0.964999636173956,0.12628734867818509,0.12124693574870558,0.00296982825239453,0.0004767771910263598
0.054049254326031346,0.07512512475227813,0.010034635217365598,0.9874218597577376,0.10544816333618066,0.07217571038843787,0.0018777168303193204,0.0003107488304550053
0.08680262855029396,0.1447580841862649,0.01852066437528476,0.969467645030189,0.13419401479057474,0.11525235215946474,0.0029145314248044374,0.00048805007035042635
0.08447612587687822,0.12052554453037637,0.01854303320471429,0.974299559312088,0.12371795624928518,0.1158411973920388,0.0028897758079932346,0.000485180778985618
0.08793644493525452,0.14702287065154437,0.016422928627135885,0.9623130955241888,0.17483170587508187,0.11730932692955574,0.0027187750954777686,0.0005054241917842203
0.10086938680742012,0.16818523891228226,0.017078451485420608,0.9612952964704716,0.13816723689958643,0.13437502688790254,0.00340670449897153,0.000576937247857801
0.14572341007823117,0.24794921106496207,0.03294157898802277,0.9132609608318876,0.20020765103146015,0.20505372217487364,0.004929943466334468,0.0008422765232994688
0.09439271782349443,0.16333580923763885,0.020150971005408972,0.9617028760145575,0.15236604389747263,0.1261235382468588,0.003183623155012889,0.0005011847772759754
0.07700276464830022,0.1130943813036214,0.017403357313668693,0.9745297688543553,0.1391553796257394,0.10907574656845725,0.002671665524495774,0.0004603911752603166
0.07241539668908445,0.10660595038215608,0.014479596301716488,0.9768454506688894,0.1362633500564486,0.10188270663653046,0.0025509469325146763,0.00044119550029146014
0.12302226481171263,0.17582924107297454,0.026260447999000628,0.9433470803427402,0.19036372238303478,0.16462314979098996,0.004088051096602615,0.0006594055032113385
0.06537279983848836,0.09334706427846436,0.012884752993873655,0.9805528866189532,0.13151889622230223,0.08977714381436437,0.002332327032858166,0.00038334189448907427
0.08328325730812795,0.12257696167709886,0.016656400616482714,0.9696526211187868,0.15416074565515805,0.11730543820528808,0.0029650042892830418,0.0005035972641025912
0.2446186585646007,0.4483731734629591,0.052198112636902744,0.7341704814683685,0.3015057283450595,0.32622330595614607,0.007953766103783892,0.001287792445980871
0.07465208096718981,0.10973787995596897,0.013526092513713676,0.9780760679383188,0.12026321895273176,0.10534855453903258,0.0026766336242302724,0.00043647883175539716
0.07449188080137302,0.1093083030893451,0.01683671119166413,0.9788015696640362,0.11445846187796749,0.10516234878247176,0.0025728660389198184,0.0004338355665515392
0.1011072155011732,0.14041466728596178,0.017758323765179357,0.9551486520852135,0.19808816380272118,0.1348605854136681,0.003180314594271849,0.0005779304917521524
0.09674200592026119,0.13426368415866538,0.016076876699752437,0.9596130283784323,0.18673660300857353,0.12890985667241872,0.0031632193038116877,0.0005488185239753077
0.0891469560487195,0.12335701433171098,0.019040953209149423,0.9702683529148579,0.14452037722959232,0.1189846572110156,0.002982554034921123,0.0004989593286204881
0.09115112909839032,0.1468031644942667,0.015370117523262665,0.9695664074966335,0.12249371015492352,0.12178351328200471,0.0029736706696074306,0.0005173469562636217
0.11254099788464923,0.21331315028039094,0.024029073515346597,0.9444849949906864,0.16304951664014378,0.15034810268440293,0.003556115261939115,0.0006154371450567739
0.08174547838576465,0.12698167737086663,0.012596014005928538,0.9703460028926716,0.1533132172687263,0.10931955295535423,0.0027175525406760975,0.00046166815331921815
0.06802491519199441,0.09072206825174756,0.014530080280877135,0.9811624717963257,0.12654048784887956,0.09073664111180686,0.002326959944366506,0.0003874312007870541
0.11016161312358448,0.19257739511821356,0.023511472075821636,0.950815796124076,0.15723700989462103,0.1464181022637827,0.003579420482486115,0.0005900874015568717
0.1286380417306229,0.1789939315297368,0.023354819362796403,0.9270104995077667,0.24926251072029024,0.17137265565813561,0.004305383228833973,0.0007682626364207334
0.07496342774106879,0.1250475029063187,0.016010888293185522,0.9748223655548041,0.13485290204121758,0.10008414829436753,0.0025100741788269348,0.0004137478368782186
0.08972132611798318,0.12328040280284032,0.01595966215050751,0.9647284402988332,0.17684216741257602,0.1204749840400675,0.002951714020493159,0.000514797757435741
0.06571921016788632,0.10940482702495335,0.011468884914930415,0.9832189757992188,0.09571136909821078,0.08771897439005279,0.0022477596355715175,0.00037746472245574485
0.07735976669640686,0.1287204091389605,0.01458979384353423,0.9745651280691546,0.1297515203530734,0.1030249622490092,0.002583883885920204,0.00044215229485465205
0.0732355110070163,0.1073012169529777,0.01403101366088337,0.9765020074322089,0.14083786377770444,0.09761224319252555,0.0025180529374443355,0.000417635397986319
0.07923137959076157,0.15761045964514409,0.01790990836065444,0.9677388353022557,0.13964421933594523,0.1119570602449381,0.002646117090046898,0.00046910622342360606
0.09727912618389818,0.15779711754754494,0.02078285085434932,0.964268804429223,0.1361731196913409,0.12975430697475202,0.0033171998111821478,0.0005335710154450061
0.07929898209962595,0.13194816006172994,0.013042383636733124,0.9712264899944938,0.1472118552437485,0.10570103873608899,0.0024737340106253058,0.00044337589632025345
0.06570163717724022,0.08741979119656933,0.01140914609207586,0.9819977387425645,0.12607224106949627,0.0877059032233502,0.002161936929047575,0.0003715770772051198
0.09452006326871545,0.1623398196942524,0.020752683916903734,0.9601913317718108,0.15981374062535333,0.1294739519920103,0.00307674087285567,0.0005203944092162887
0.07156455773883054,0.10535857578750213,0.01618012318235276,0.9786935970750618,0.12412388313270153,0.10130281991966143,0.0024400438878475917,0.00042159217823513237
0.08430973068642685,0.1595024910467315,0.018016167012051786,0.9705209783002332,0.11169477531963956,0.11283218830620081,0.002867240919338,0.0004758620194059048
0.14013234800430352,0.18948981098943304,0.02802623886493841,0.9344327083405505,0.18850618989567328,0.186948904102656,0.00464187938421189,0.00074610591311463
0.06647851302666653,0.08880151065579517,0.014182434548617173,0.9833984445505328,0.11224790536451118,0.0884111157256687,0.0022368044933362423,0.00036861898938642736
0.11775906032161358,0.1766813774792657,0.025141143957584076,0.9450214657028909,0.1910633709088745,0.1571544760410071,0.0039642783265420685,0.0006247079539094694
0.10638591436875298,0.14765985996448627,0.022712122337661737,0.961725463040364,0.14610657812669878,0.14172980944031685,0.003476733729469444,0.000580934249306676
0.07459852327870506,0.10952023528564415,0.016858884646133346,0.9758494635317745,0.13707624660512216,0.10524854648028312,0.0025738709642878412,0.00044965492173152483
0.1366031736197887,0.16709775646144234,0.023561972626069783,0.9370787002411834,0.20388304420903855,0.18209640361826931,0.004271050233609648,0.0007860954565003677
0.055922339697185346,0.07149998568443201,0.008499521810770868,0.986522029996719,0.11371070135994633,0.07435468663472677,0.0019064632453883376,0.0003298478953703107
0.09712901434646683,0.1293155611975154,0.0160596776502372,0.9594319250603343,0.1905046060029879,0.12951457902465252,0.0030911384080056135,0.0005673694587894277
0.14432491671747003,0.22404718967167564,0.02698694207218611,0.9284301329531337,0.1702864361748838,0.19298533537461338,0.004578756674229218,0.0007703047849334783
0.11301252464390672,0.16604336049167245,0.022593192982291163,0.9481653186056508,0.18582452554640536,0.15995177007740055,0.0037549843530991552,0.0006519061439428427
0.12679484638905503,0.1676737668776693,0.022023488421838232,0.9432654438570496,0.19236269190453806,0.16898431095209282,0.0037822664443981227,0.0006596127313701498
0.09734785189332006,0.18401309064398613,0.020775442897230094,0.9570570575664978,0.15313042259705473,0.1296648001284012,0.0032492618562145695,0.0005507433925503184
0.08896832456533783,0.13083590132695672,0.017769048817939996,0.9683907161971526,0.14553226507049347,0.1252248892447325,0.003015285917738891,0.0005299275435323809
0.09184077214201708,0.17352202845032352,0.015217835076803988,0.959267052916227,0.16144681693924698,0.12229197539697743,0.003138031905213149,0.0005174063075574854
0.2011901644508511,0.514821187376144,0.036282417856239924,0.7610642482092573,0.20204412344864212,0.270337300261032,0.006425595859148302,0.0010425902077737701
0.07715689971830832,0.15003010833817923,0.016946613761888128,0.9747236450239792,0.09972467583798997,0.10588763731089616,0.0026480719055486557,0.00043879377056636884
0.09032659770295784,0.1505973284910669,0.01686707603462299,0.9625767718855034,0.16653000468587648,0.12075854234992586,0.002808532341876523,0.0005044860903194425
0.08257450310709398,0.1376085000198514,0.014297484167974413,0.9721078875387678,0.1297243027641817,0.11050428588070568,0.0027157687023554493,0.0004709192939759419
0.09366107717875773,0.13756079912115793,0.021164010093718703,0.9612213865057444,0.17469268518482828,0.13184089550331246,0.003206326742362844,0.0005687285914469201
0.09521667952340433,0.14647489143806178,0.017682473582302825,0.9666438615339807,0.12882989919195864,0.13475193321147402,0.00321451378606732,0.0005528801952264048
0.0824241202462691,0.10688860575399015,0.01624173812287636,0.9706853777954808,0.16269510336153778,0.1131766422705766,0.0028832059396748234,0.00048140257086656666
0.06635221065713963,0.10614531031022158,0.013079911945240745,0.9816093587262865,0.1108218012201905,0.09118852433122329,0.0023605545784957413,0.00038625279187967984
0.14346614876610253,0.23998039778496394,0.025363290569734527,0.9052197558509354,0.25548000172682855,0.19096904445687354,0.004569336055270419,0.000826976869901314
0.06648280882121577,0.08877079037645375,0.011832481351221216,0.9817219046631624,0.12614799813267688,0.08867492844418788,0.002275119402244747,0.0003750480350597577
0.10088849488977383,0.19069405589948812,0.021543642900335447,0.9562591476613715,0.14269930230897568,0.1348595689004659,0.0033322804896564555,0.0005516441416955883
0.09090215119918772,0.1285226833282245,0.020542658166105003,0.9634652656936895,0.17336034495500408,0.12832599695064265,0.0031177034627216517,0.0005558808828492433
0.12760596143438238,0.1985484071449806,0.02540800068190918,0.9301395372797597,0.2223225247451837,0.17042677313998447,0.0041213537415593325,0.0007401001939210355
0.11108697242047301,0.22082954274154235,0.024395440171064865,0.9424634745630925,0.16388754852878892,0.15227596861263282,0.003739886404418179,0.0006109781729819728
0.1340635514657992,0.20837844922281917,0.026710204348944954,0.9202619972806224,0.24304676370401437,0.17866003911680992,0.004249941013831786,0.0007787745186561404
0.1426448634412918,0.26611583291857405,0.028674389599540943,0.8950111157837687,0.26629642644414986,0.1898251274203524,0.004429552339354628,0.0008376977087441143
0.07853665607255166,0.130874339004821,0.013688702778455866,0.9738623148179142,0.13080557656286307,0.104841665524244,0.0025760925199856087,0.00044977129504634864
0.11299075750204371,0.15756518593927185,0.021100133608805312,0.9520598291254214,0.18098577713751404,0.15091321938442537,0.0034857398730659627,0.0006044277429052117
0.09256861560914724,0.1664141416441616,0.01457181165806395,0.9583638781702297,0.17280360739595355,0.12325885553721203,0.0031011621265527494,0.0005241990353009879
0.1061764654761358,0.14197150360540542,0.017591373756759333,0.9567442138795537,0.1811673318533172,0.14165992913435077,0.0034934767596582522,0.0006009053925886829
0.08794865434667808,0.14050292042965692,0.016651985946872595,0.9687009609705434,0.14199471040366954,0.11701880756326365,0.0029985744378401348,0.0004822585486095805
0.0767903861749214,0.10248552641166532,0.016394484854204954,0.9755801126808726,0.1451262305544706,0.10249791845768728,0.0026411900019311443,0.00044284019363841266
0.0910847289241966,0.17200378057353405,0.016349471874573213,0.9596550158463757,0.1614355822798332,0.12182773962426927,0.003083336806307687,0.0005144139222296335
0.08050968321982484,0.11210442640625204,0.01719836366404249,0.9792229785616413,0.10099384437042995,0.10756518492106197,0.002672944211556292,0.00043908260760146457
0.11181136272260431,0.16882073538011302,0.023881971192053136,0.9518537171682802,0.1729842315415254,0.14988257382645018,0.0036379523957204493,0.0006050126073054484
0.07651141592620678,0.11261759796593285,0.01421264710713923,0.9772638843557732,0.12090187468075726,0.10766489612593204,0.002713379911520627,0.0004746237994208725
0.08799457612982124,0.1242657600432832,0.01988735537508299,0.9660627374331603,0.1665682468284197,0.12404633952381416,0.0030808188383451597,0.0005378163876640767
0.1309615068721524,0.20330775951022928,0.023130507240883707,0.9278306882685476,0.22267585001059106,0.17466593423530624,0.0041161901457127965,0.0007525962072415714
0.07754739342816355,0.1469263474898784,0.013458778824509151,0.9727981972011737,0.12330771174353389,0.10329587603837162,0.002560214851536662,0.0004410197651256089
0.08993310768221964,0.1431850281977381,0.017708190258224895,0.9632183879996099,0.16785050082323247,0.12297151116478804,0.003284910212743242,0.0005167591075836217
0.11350267525059457,0.22046022235366097,0.024919158990560263,0.9403815873311374,0.17139907551731046,0.15551107171197553,0.003764507299727613,0.0006563277386169393
0.08339602756299483,0.16232931490631597,0.018304033918449383,0.9699314148316508,0.11179638876070376,0.11439082445109128,0.002895655158867391,0.0004805168142532374
0.06027081417189664,0.08905800637961404,0.01361909570588341,0.9845687112593086,0.10796491504380994,0.0849348356123424,0.0021435655830575784,0.00035978571687228175
0.07799114573682345,0.1339736642873775,0.017124227945452403,0.9720868778218316,0.13818390050039028,0.10780069638035564,0.0025161474986083797,0.00043560546386423895
0.0794724856503872,0.10608992762080259,0.01696345972847739,0.9762331544005938,0.13348777891300687,0.10622873370254901,0.002531182463087638,0.0004274309679208562
0.0939636273698271,0.16419179155160787,0.015462600218072324,0.9598451096512989,0.16388040095565545,0.12571859554214743,0.0028190935585130058,0.0005171272490260029
0.08602367402786777,0.11440637318519228,0.014707038151835721,0.9698827342254975,0.15962611653283418,0.11460279000430953,0.002786776827884894,0.00048112390998815565
0.05821516052439122,0.08145669921025188,0.010808535814525708,0.9847818141813766,0.11843911261943336,0.07766306783592411,0.0020653635492850213,0.00033766805560431825
0.10552938101458008,0.15504048172169943,0.020847526015731834,0.9550380123766574,0.17367808601349655,0.14871157334794252,0.003767497294907621,0.0006088514193308495
0.1016794727548336,0.20995362688840932,0.022349070940634996,0.9526082548851894,0.1347967651806947,0.13941721172689506,0.003337471537775317,0.0005705998943972895
0.23024100964318656,0.42732174540273665,0.03483401137011851,0.682170115374384,0.44982450271330693,0.3088909195376318,0.007656925260198503,0.0011902973968609455
0.0600718039326285,0.07686736983289834,0.010791675842058644,0.9863528627995537,0.10503053815837539,0.08024150661380908,0.0020308138215205393,0.00034361697780905246
0.10320705512325852,0.16788725789775832,0.022026051341708378,0.9524299262625777,0.1862319668733747,0.13733089742313503,0.0034357994000895737,0.0005791718418912079
0.09833721824747874,0.1996575036895685,0.021584788550051956,0.955619365271107,0.13592186724444563,0.1353011673909082,0.0033049610397579247,0.0005618628482779753
0.09595516053305156,0.14398278812604137,0.019137578382591027,0.955406640785389,0.2014520315707655,0.1276735307624345,0.003114028321563346,0.0005648660322046977
0.06707074688121868,0.08974883544979893,0.014316313199758445,0.9824001250728046,0.11873899165066719,0.08959703521212324,0.0022312078214266826,0.00037912549702832135
0.0625806202027221,0.08714978487477322,0.010033955502243305,0.9821020681962715,0.12988591848541586,0.08359630702890039,0.0021446580386906425,0.000366640335133647
0.06911397552057945,0.11857810012405803,0.013631010255084732,0.9776387408970391,0.12743956197258183,0.09461572078716819,0.002456800740165077,0.00040984103173273133
0.06968985516121207,0.10819293665335271,0.010740444066581837,0.9802289687913279,0.11771486151403501,0.0927952906608197,0.002349478027711275,0.0003866683050192254
0.12854974500054583,0.17837545012752454,0.022991307245363645,0.934339486543538,0.2204149255689501,0.1718638078239079,0.00421995481398344,0.000754756168243073
0.08151457027440176,0.13246787329237203,0.013349459847687735,0.9689789529442141,0.15766237783854747,0.10883561024854908,0.0025273348823793,0.0004638812330992371
0.10439506568989532,0.15174171917705734,0.0223055569211558,0.9599862847286894,0.15663092744129606,0.13949725453134013,0.0034464990000062402,0.0005535122213017983
0.09505213642237606,0.12132984452547683,0.0202886172726909,0.9654711254701317,0.16628154921956462,0.12664140854104147,0.0031847337777089584,0.0005436765700491459
0.14117254135813995,0.28431388132376295,0.026252670137236023,0.9069361866828772,0.20193709235250515,0.1876463931599982,0.004812337156608956,0.0007512165058507672
0.18314713988660444,0.38026699991363544,0.04151618554872955,0.8295959333123917,0.2548245377427152,0.25870245605961006,0.006127187428436009,0.0010389726748335755
0.10500529682545831,0.14029661217687991,0.02087454902160336,0.9517803719211503,0.2080933327046958,0.14019438233635625,0.0033853898203274027,0.0006035395709293149
0.13322830671610736,0.2251891775515414,0.026534451191551896,0.9173611992171298,0.24017113622948955,0.1777168516874594,0.0042846015080195985,0.0007705923323516714
0.06927737126184516,0.09254257904598885,0.012432332743187915,0.9805374701401617,0.12809338415637464,0.09281500855382765,0.002348798537386047,0.0004073281363726601
0.0673575915549147,0.08584242107039304,0.013339596576731045,0.9807100820519291,0.13439767731463295,0.08975600174200718,0.002189669717341086,0.000391867086184759
0.16053335501051308,0.22506758975070812,0.02980828959853839,0.9015454286423574,0.24233682827314673,0.22614231544250726,0.005700524925984986,0.000973027509634831
0.10531974620038075,0.20484030418404817,0.02312263993806144,0.9468751689816857,0.17024126010269902,0.14438187133507613,0.0035203717747402494,0.0005952321120041776
0.10809042101482973,0.173185718589235,0.021293960577540228,0.9466956629282971,0.19956126348450148,0.14763828314124455,0.0038610584106737473,0.0006232918784248646
0.14117204530840485,0.1893275328072972,0.0262800110003694,0.9336883557785784,0.19003142503597292,0.18875375701595024,0.004525252685734151,0.0007436727441621415
0.08976729857779915,0.11945661014997179,0.014587827242410461,0.9637602670660464,0.1852351988615965,0.11959911673846524,0.0029983708752020343,0.0005248512443126714
0.08237276733224654,0.12403491483772079,0.013703763139883718,0.9688808783454841,0.16378395926792097,0.10991018582672188,0.0025415159162732134,0.0004732762652139292
0.09926588906200608,0.13813244394586774,0.02119522600149986,0.9616570376314304,0.16815289207921047,0.1324594025125552,0.0033190071759548155,0.0005579692989880974
0.08305358147192383,0.11029613201819559,0.014031149952748028,0.9712813558626963,0.15849352211629913,0.11056821988790165,0.002602356735989633,0.00046945547893728433
0.13740277244749238,0.2135067731156911,0.024960900051094224,0.9208389372431253,0.23103026808167848,0.18322938397707575,0.004399295784099057,0.0007715939031760884
0.09758053429913482,0.19709935575926857,0.020831542924962667,0.9579651919656339,0.1281915031355241,0.1305942952894885,0.0032223086566805954,0.0005535118844038851
0.12663632145475168,0.17280684265411297,0.0220029267314505,0.9449380464188896,0.17918009186804504,0.16908209075237382,0.0037831117651218604,0.0006528368598439638
0.07693944098721345,0.10257043088314848,0.01642089444769199,0.9748405168044492,0.1498549094052931,0.10253211679254376,0.002535543253421886,0.0004385482576789712
0.08133907202649887,0.13896908414798417,0.017079831850546758,0.9691902220727382,0.14565397565479776,0.11500566400957224,0.002919500402957651,0.0004847004829295753
0.19706980225190854,0.31542341864847445,0.0388450514093284,0.8552421593142309,0.23524871556316984,0.27079710176963206,0.007024139858200088,0.0010506566233249596
0.0856283734440411,0.159051391827943,0.018272980997021075,0.9672635259446519,0.13561798432073752,0.11418138310143609,0.0028231263991395543,0.0004582583135692911
0.0930447062265151,0.13601984591894647,0.01999096660396209,0.9646637197114658,0.16241887779209227,0.12440350924655147,0.0030271057823729615,0.0005147237786587937
0.07891113471465852,0.11592904181519091,0.014823460792202632,0.9748809149176411,0.13149613467856924,0.11145137314640194,0.0028470469032950392,0.000457311326536299
0.11175136721476654,0.1552381278855774,0.016729266937263846,0.9488241866430683,0.20174691754080282,0.14882249058410257,0.003896163265035932,0.000646154791323502
0.09088594701576563,0.1519454038868503,0.01460386586459771,0.9657064090723021,0.14552778587304877,0.12109072942256825,0.0029410046212790014,0.0004967190490400783
0.09719712859902889,0.13230253380792875,0.017276363327349636,0.9647707552490045,0.15828475662938232,0.13000491336366082,0.0034714209147818564,0.0005313976564335369
0.08262193458708503,0.11466748979948044,0.01397589662556866,0.9720246353603792,0.15120284043353371,0.1101261212538706,0.002737253387356561,0.00045954380538553336
0.15702598509447288,0.24435609595156338,0.029341094812078344,0.8947068584334853,0.2659425978659513,0.20861240824353866,0.005122958177126217,0.0009105330241764298
0.11425809018093792,0.21623704505159216,0.01943767738344842,0.9416560702718069,0.17284879113329757,0.15231588231319682,0.003923930664976919,0.0006491231020102618
0.07588630738883105,0.10299082382769673,0.01454922342297914,0.974533006441673,0.15303199775911064,0.10140050654839323,0.0026168579184392754,0.00044158797761414124
0.08560710925535742,0.11888734003110732,0.015823188328939943,0.9677134541652083,0.16957978966364845,0.11424336263213744,0.0029010809205486676,0.0005033146576679788
0.07998261168749829,0.11748931415472043,0.015983244661006618,0.9707978442297707,0.1560094855286625,0.11290919995472691,0.0027263999300335398,0.000494115495957788
0.07838591681405398,0.11541964266983824,0.015616166228442623,0.9768413420957547,0.11740197242218904,0.11081699183065792,0.002694839179866613,0.00043691058072027996
0.07419630870828885,0.09877795889945096,0.015837669162353078,0.9780149655040575,0.13481362609909223,0.09895742289318481,0.0025003308974619266,0.00042557382474950724
0.13035348603816918,0.2634151748902934,0.02568634330454739,0.9205414799453979,0.18230235170229891,0.17974897206348348,0.004433318885872664,0.00071768543195556
0.1289206687333393,0.18953884840032018,0.025780311744450665,0.9271446507731058,0.23233911321133488,0.18218976016448735,0.004182181606279525,0.0007715633434658824
0.10861565329400151,0.16923651811672458,0.01938799822548638,0.9497817278999556,0.18993125662733013,0.14496120319154426,0.003520335376059513,0.000624685113397417
0.06846556586859627,0.10665544009109956,0.011852152452923991,0.977053512597531,0.14391781350208527,0.09189903888095095,0.00226115353325907,0.0004002331332153963
0.06893867717502052,0.1073676376676503,0.013585988040046062,0.9778920390770077,0.1354226666282523,0.0944276320871939,0.0024884176504952494,0.0004018073039248913
0.0965064203909627,0.18403832588173247,0.02060252642382726,0.9545584372563622,0.1689074248632015,0.12911157881668223,0.003212933464000751,0.0005387928364178203
0.11319900013400373,0.19415586406423838,0.02485065616566439,0.9398278698245723,0.20358958819198011,0.1553449718454241,0.0037823976211496203,0.0006477481554862859
0.09769289418351962,0.10727960345725336,0.022078789182402834,0.970212886074255,0.13484325576742265,0.13767060090628203,0.0032336353186307744,0.0005599058640693532
0.07331695620982165,0.10163003679861,0.01117648144225163,0.9805615371167598,0.11454685470706055,0.09768646725259042,0.002515827086522687,0.00040068532241399716
0.07939558799322537,0.15541963855884613,0.015019533294534248,0.9680181627168277,0.14480107771690978,0.10621531759385767,0.0026619258221983275,0.00044179041827288373
0.15273554294621453,0.25379715038370226,0.026444716511376472,0.8987788192403104,0.2501420448948709,0.2028823761244857,0.00481048831164626,0.0008540888492127587
0.14126149035095792,0.20027982958393736,0.024349231097953547,0.9262514980504948,0.2141422634805395,0.18847001772968752,0.0044645510208188525,0.0008183534644080906
0.08588619043698519,0.12616463987608975,0.015952940872564828,0.9709610193285668,0.13778917627570114,0.12121012905341623,0.0028732834595436192,0.000490221770759675
0.06400159723003448,0.12807385031939048,0.01139465520180202,0.9814182110332074,0.09404915657737714,0.08566944574141273,0.0021700749880565664,0.0003664554152229069
0.07210541488591021,0.1194348979483552,0.015398105845974482,0.9778180820215179,0.12219674486204678,0.09608398873252035,0.0025420699727789413,0.00041429329635476114
0.15400675893384802,0.2156643558084247,0.028714111809641486,0.9195440273251198,0.2028538093143634,0.20545299563238334,0.004883053120152689,0.000799909163121095
0.10323827016974488,0.16314650011179554,0.018622077375368692,0.9598493500411337,0.1486983778591704,0.1376405183231208,0.003333452571572723,0.0005392264984979782
0.07238396494817188,0.1108587178933241,0.016353065130139715,0.9783118975879106,0.12080034141211839,0.10252163697657903,0.0023928852337966114,0.00042444179491142456
0.08007046223233814,0.13969685598267248,0.01351589459255057,0.9732861099956136,0.11751833481021884,0.11307317252804215,0.002946952883033569,0.0004385156870145926
0.09692670693285428,0.16223098979301107,0.016986943055504435,0.9637578719640951,0.13578324402984776,0.12931289581031144,0.003059821039703979,0.0005005395966282463
0.11533652456497274,0.1556285860244158,0.026057499565183294,0.9554647903364614,0.14882360348624846,0.16346707877864491,0.0038568863940999804,0.0006663972643573737
0.08908675455256054,0.148452737095464,0.014665471150966024,0.962863015919709,0.1690114785077771,0.11888119972386631,0.002682034067297069,0.0005086454271633408
0.06469952211736471,0.1294282960468022,0.011514103772467098,0.9777567358358242,0.12444285512297956,0.08620047378402078,0.0021905146232354383,0.00036706420938514123
0.06899026364866162,0.09811936726806017,0.011285183273836877,0.9801742942124453,0.12769695281353638,0.0918259087219334,0.0022958424496952153,0.0003882385725293521
0.07166356970255468,0.09560654380360364,0.015304973253272621,0.9792451586956123,0.13198820154491178,0.09561082019449102,0.0024340604310579468,0.0003994857099073753
0.12574662586605273,0.1495005840559299,0.0284098683512356,0.9430535518752229,0.2005049691315021,0.17736956906101828,0.0041849408569585205,0.0007202227004259162
0.12054798657803727,0.1872621549203196,0.024019948633064527,0.9354780665192429,0.22098194592997555,0.16079863018824156,0.0038964645033962115,0.0007036068672365492
0.06802852758061902,0.0982603620939141,0.011506436586340232,0.9823609806108504,0.11096756178188459,0.09073153499820723,0.0023156185305033775,0.00039123730965646075
0.12168375642996276,0.1727756164596917,0.026693542870472077,0.9464451850683111,0.17561907531580845,0.16736954444552285,0.003943132035075025,0.0006662545851869603
0.09956856425805326,0.13263575692657725,0.01734711824823048,0.9583458542634872,0.19036635285073886,0.13234666839795065,0.0032941481301735935,0.0005636975606008172
0.09615992367074337,0.12483421412203702,0.018949463347138103,0.9593150819753953,0.1923979130184559,0.13227549421517695,0.0033311939656511286,0.0005650138078788434
0.08465216119979257,0.1423656143603804,0.016840063696571796,0.9678792683426135,0.1507821165470494,0.11291188014467354,0.0027568961080349386,0.00048764217911637006
0.08976519815032899,0.17757065853213638,0.019714784202273003,0.9649600868839798,0.1168002453354048,0.12337842398019692,0.0030738743843972956,0.0004969066678591445
0.07921818771161268,0.11183138145584703,0.01790857563066034,0.9729565800950363,0.14792077298326645,0.11119337711895418,0.0028710044438131415,0.0004818344273602624
0.12516382348905675,0.17399672798280613,0.020935326821881105,0.9379888493859754,0.21423844451741753,0.1669838612007634,0.003950389975585513,0.0006781353809371223
0.0793912831584365,0.11018984457907642,0.012108623727914379,0.9742576421872788,0.14480623763653008,0.10608634004785204,0.002699281221179073,0.000453937098243343
0.09070424951514647,0.1753903517693453,0.019913063484958467,0.9646591735694476,0.12083094500157227,0.12424505557957861,0.0031468271058650507,0.0005086750376512839
0.12453582376660725,0.19271459228749288,0.023119911842883586,0.9457799256968594,0.14654956769418484,0.17556409388138652,0.004204546180917101,0.000715040646428398
0.0912753531980809,0.13127169377940895,0.016946162004182717,0.965126358559814,0.161546002596257,0.12873915239881256,0.0030523881247405136,0.00054270507034019
0.16849948191213407,0.2704033045485802,0.028489465454503482,0.8883803115816642,0.23964601513259207,0.2258163183318252,0.005894911199438176,0.0008818530559783842
0.05776695142771765,0.09632623294683684,0.010660870055879594,0.9843752425359796,0.11105177851664877,0.07706746384452763,0.001990681750700531,0.00033104672086422404
0.07576988636250896,0.10946829146660911,0.012818805998307613,0.9795111200346865,0.11132922379778619,0.10133295329529135,0.002551265087984765,0.00043471445022547333
0.06219426540888702,0.09799696193331922,0.010747027956892814,0.9815795440575706,0.12694987435173963,0.08242599263033838,0.0020308172957938637,0.00036028045487562397
0.06590634568628376,0.0856393992803419,0.012990508235475805,0.9811858508265728,0.13135673786379914,0.0903751653718593,0.002325495402223313,0.0003856107172089051
0.24968781684545316,0.5181244906721252,0.053294802200592004,0.690376551360626,0.2783898697373166,0.3349302571321126,0.007873155111262345,0.0013055221796133385
0.07867022215871085,0.13162500381656708,0.014873757160305498,0.9700127530656916,0.15595486479359655,0.10493310344132682,0.002608587774299141,0.0004516335332832179
0.14180649475152682,0.24442828570508568,0.030277381480928824,0.9222351441498152,0.18124161325603155,0.1893142625543813,0.004731958204050321,0.0007392216061023493
0.07541990914751336,0.12564363470853163,0.014323553968394714,0.972817735799067,0.14767409511631324,0.10065942094457461,0.0024204996622916803,0.00043227996354405746
0.06611818741848352,0.09728102699687904,0.013221318490970198,0.9802885071979706,0.12755358488520668,0.09353537227691343,0.0023405652799064476,0.0004066226550462996
0.0938248605386028,0.1609908179838543,0.020606137351534052,0.9594587036041351,0.16645664177570477,0.12874371127979248,0.0031942821383708375,0.0005244309335027293
0.07559993504034404,0.11130621318123356,0.015117553601325325,0.9771251051488922,0.12462877831576948,0.10655345763588249,0.0027207984992675687,0.0004367229216482172
0.059473102531227076,0.09443535744756502,0.010027259352001711,0.981900727277925,0.12742486664342914,0.08410330968100584,0.002175568494880728,0.0003643396211185646
0.08221138370677739,0.12019949460609732,0.018582393930994576,0.9743438579757676,0.12455487599682603,0.11653376777611343,0.0028040703619159617,0.00046040077105322807
0.09626471784979831,0.1606288692650726,0.0205607395576902,0.9607299633600336,0.15795305874260712,0.12863590669818772,0.0031667276829682837,0.0005201197591588073
0.06793065973058791,0.08964307888452512,0.010509412999135959,0.9806587945337183,0.1317872362067834,0.09041270526922579,0.0022224298955169338,0.0003907978953606005
0.1023854381351558,0.1932486127278316,0.01741208026595481,0.9553485332059029,0.14320641318215807,0.13659644929594011,0.003348402263003256,0.0005628181856589171
0.12480102041357635,0.2079958362057737,0.025133170553215477,0.929129046804779,0.22256224234175895,0.16643338808294436,0.003931451164206921,0.0007034580021027196
0.136215277960948,0.21227334066668493,0.027143276981395487,0.9164605472607505,0.25060842509695563,0.18145048182818613,0.004386588084043573,0.0007952868585705262
0.13005933206662587,0.25849291861402407,0.02942496269213537,0.9125913058699378,0.2211716850681989,0.183413008580667,0.004408551875979923,0.0007614905074497344
0.07051631330634038,0.1040186621408514,0.01410955728295622,0.9782753572268664,0.13048813994565964,0.09976261895536452,0.0024283303582474797,0.0004262914439796249
0.20761348091440143,0.32567176542695947,0.03929945770065698,0.8373873970074687,0.26770851371926574,0.27632720603675126,0.006818862063168669,0.0011720537919920986
0.10927603144137742,0.1519513355892438,0.023989491076482527,0.9509878807423842,0.19367728415396807,0.14997040108442058,0.0037002632909963534,0.0006261125831755747
0.08354318655565414,0.12632630343899737,0.0178345351208413,0.9736613182023823,0.12741317604950414,0.11173881715718556,0.002806718993787798,0.00045767976722451467
0.06657530802780211,0.11129822755280264,0.012759385274547001,0.9788471707989043,0.13042984770922442,0.08864875428454459,0.002270201962851726,0.0003828634212761289
0.079441818557711,0.10645851101465476,0.013587448191262744,0.9736377874076695,0.15155282409913767,0.10594960474403829,0.0025776255384416065,0.0004490980690631551
0.08299384628099601,0.115517962417536,0.017713728978631466,0.9719347142868829,0.15034124257119974,0.11039133530877941,0.002794536320676967,0.0004596148155694719
0.0639453224123186,0.10660811624987213,0.013652048637271185,0.9809509427775224,0.12164947351626859,0.08538872428385293,0.002148387953122907,0.00036126268486768
0.07971112451455938,0.12156917748693608,0.01750690422776227,0.9739049019450042,0.1343804686544619,0.10956432330421549,0.00267645704947669,0.00045526518064894665
0.088143673717112,0.12268147819548089,0.015479107141720612,0.9687695982944278,0.15691201245385927,0.11745588655809776,0.0028791891311610077,0.0005056524986643562
0.081970769654714,0.11406036351031085,0.012781200068265771,0.973347289783373,0.14399239893317892,0.10936675144746034,0.002760547089777162,0.00045044572339497045
0.11114591197253154,0.16359405811072483,0.020651705314454354,0.94823610260561,0.19152843326013635,0.1568680249142485,0.003771766806323745,0.0006534318371278739
0.10602896911101208,0.141461041488244,0.019694572128617187,0.95471192283512,0.1922295744284405,0.14113370041794196,0.0035528854676749847,0.0005882190993655903
0.07367034754833998,0.126473789126323,0.016181671369655055,0.9740320991201297,0.13906158477018196,0.10115463594392973,0.0024734911223658206,0.0004255130781427564
0.07260134757357392,0.10255359117639389,0.01641412254474303,0.9766634626491112,0.1396176485075368,0.1028150335573546,0.0025776876530501443,0.00044631922397577443
0.11505398484245097,0.15343164684398714,0.021383600272990737,0.9467284391243808,0.20725564081832332,0.15329947632793778,0.0036425654543067675,0.0006450849330790174
0.0850706501393599,0.12600639179412193,0.018159721636127175,0.9721273329079717,0.13634075381088848,0.1136974792450241,0.0028115368409732944,0.0004734547733307234
0.11345752717590493,0.21043839790772978,0.024207770192301963,0.9455432322155428,0.1583877705766337,0.1519985735086077,0.003794955792616193,0.0006294287103834628
0.07984782764067444,0.13310874429908862,0.01398969485615308,0.9698044529904921,0.1543166654606777,0.10662826081316572,0.002562624234535057,0.0004601346741512202
0.08936268394211688,0.14914011369318594,0.01907039553207252,0.9617171444426876,0.17428068040039152,0.11885287047792543,0.002823254943056991,0.0005100542699480169
0.09178216164526294,0.17351475103623445,0.01959205898946432,0.9656312309613737,0.11682601949589702,0.12240783031809477,0.0029811864206767884,0.0005096726577552648
0.09991495748497796,0.13311634959918509,0.016511529805982056,0.9578630893566517,0.1917224394320881,0.13324791232306266,0.003144792212973095,0.0005661567379590633
0.13836010435254534,0.19197308957566603,0.024487481627406472,0.9179416403090751,0.25842664590301495,0.1843407096226908,0.004453537945521318,0.0008124625815060511
0.07440198173092376,0.13098812226887577,0.015882824329837373,0.9748309714896611,0.1304214100075887,0.09870550847930493,0.0024647153496157393,0.00041646192613334804
0.08426816769083591,0.1601164552753424,0.013631545828913958,0.9711710510509524,0.10558844622062738,0.11289459576666241,0.002869862597813837,0.0004705136091058863
0.0972687278085054,0.15180939437960025,0.018631468133393912,0.9557732785343682,0.1916403092786308,0.13002294651541993,0.0032762125657297392,0.0005499761232803664
0.08145920855457413,0.11314068242239894,0.017392814429874743,0.9721237011093815,0.15313046166593394,0.10853646345990403,0.0026965048560641117,0.00045797534665832906
0.07373253137505276,0.12298733698785975,0.012141982213493687,0.9731439464545166,0.1503160424838205,0.0983862315752576,0.002473633143405361,0.00042243580736769205
0.12517963161744544,0.18923068831929424,0.023282619296909255,0.9329277513035519,0.2226514460988169,0.16743547890890806,0.0040873304850486255,0.0007242892075756161
0.08416895841516937,0.12366441725775798,0.016829920432727616,0.9690597214626341,0.15535052894313953,0.11882986072910912,0.0028490649886504338,0.0005182137325511219
0.06492714484453345,0.09570041836935703,0.012212303540370461,0.9833878573545782,0.10475587685803096,0.09190003633433572,0.00235127721528712,0.0003721787018557714
0.08627554484994422,0.1692549181552965,0.018947732643823736,0.9673867864888572,0.11699111921027046,0.11839442425396873,0.0029455994018927397,0.0005035585095599605
0.07804262182055056,0.11509160098413325,0.015621301190323412,0.9732756802285765,0.14509644388908768,0.10996643850198715,0.002806684102427133,0.0004740097943987376
0.09807356842317352,0.13839936326457614,0.022171173227086356,0.959078904769039,0.17814619829069306,0.1384034170980553,0.0033710851261012083,0.0005889691738744589
0.08496322551300473,0.10851333746534596,0.016080760374745165,0.9723967467207947,0.14961701950394057,0.11313022334062921,0.0028572110158450363,0.0004673350086290678
0.09937978251106482,0.16621471822022257,0.01877348103223623,0.9555975894692852,0.17709691695140548,0.13268309201748413,0.0029471684583959527,0.0005683155053766673
0.07316116091389181,0.11729390322342145,0.01442299207231117,0.9754672228941023,0.13824804932628076,0.10012737901103279,0.002657838880286259,0.00042412455924972607
0.07607457421708118,0.11322181467967427,0.017191067707726736,0.975446577394593,0.13429074440192001,0.10752333776968355,0.0025371781548260077,0.0004606608618320405
0.08691687175084802,0.13755216618535057,0.014063693298731132,0.971468968774197,0.1270559343831799,0.11585740458607395,0.0029533079602430804,0.0004934927047889876
0.10034352440014256,0.1393478939308623,0.01762411238472805,0.9568529521731642,0.1916739466820303,0.133738044734017,0.0031735695262404507,0.0005675902222090105
0.07611854584768506,0.1137457452320763,0.016256930925440876,0.978963362891781,0.11083031126428317,0.10170684190572865,0.002549822784046297,0.0004213674513176361
0.07992733441136851,0.10663377700589617,0.01419210175450375,0.9769752803720035,0.12712741097133545,0.10672075768766559,0.0028011886595818497,0.0004463245166002362
0.08404899282641383,0.1087785159882465,0.016093265577918885,0.9702330219868865,0.16415649966844836,0.11196472210039826,0.002864499666898051,0.00047997576422939006
0.1012543164199732,0.14898298567768758,0.02024420409166633,0.9569920687672423,0.17577392620894428,0.14282513701705388,0.0034814429486048613,0.0006103755586119906
0.07737794602924239,0.10214826556506364,0.016515476877409615,0.9781578382344089,0.12604388725793694,0.10304728294710148,0.002619670400581678,0.0004484680204238937
0.09201771007142527,0.12064779287566973,0.017185181362324137,0.9745014799642484,0.10894715189628264,0.123086790079536,0.00288363415218345,0.00048067884839290173
0.09892747878833556,0.14133644492834263,0.02112934572160973,0.9601878144587797,0.1743385433908211,0.13200536373495705,0.0032605099199036957,0.000547994963815417
0.07815075408690318,0.11038572267950487,0.0176730176257701,0.9739008520874517,0.14397235163133745,0.1103471531363792,0.002737063392570764,0.0004720804280753699
0.07890592440792639,0.15777441664212663,0.01374140754108165,0.9714459210863614,0.11221843972577968,0.11128514708648328,0.00273817333625438,0.0004742365020461789
0.09396322367474784,0.11969014817793323,0.014231454933037626,0.9611523188563428,0.19306157172020816,0.12468491840766223,0.0030770470235857643,0.000546901791850203
0.10397161778100128,0.1781001664203756,0.020478653160456092,0.9493538932385088,0.1885594106250896,0.14216109404949923,0.0036422429476792996,0.0005913073094693876
0.07962828483578005,0.1506996580200437,0.016990673085159835,0.9747766327185046,0.09576049876039197,0.10627221103082211,0.002596066096136671,0.0004325984816281803
0.1006916086624014,0.16765121185600618,0.022123997295674082,0.9564823041260503,0.16526560273841823,0.13813397990316229,0.003514506789936909,0.000578044303395705
0.1209157200690049,0.17167725020049138,0.02582539439378773,0.9433678114362856,0.19850584735942717,0.16085924358596249,0.003976618088126859,0.0006712523810333927
0.09213400457540724,0.1741203438673145,0.01966182495427615,0.9608433436308151,0.15007075466210323,0.12270369637371877,0.003036869089101272,0.0005114780134282637
0.09008296454468437,0.13235144010855324,0.02036268190600542,0.9648123984397688,0.16430111710546488,0.12682758281741924,0.0031884308843394427,0.0005420937297326243
0.11503819621574847,0.15977096114792638,0.019469027756670094,0.9399811048668738,0.23201366121754857,0.15313684216417536,0.0037758483280171257,0.0006666232613997523
0.1419420365703902,0.23394275476356907,0.028302797340379937,0.9220450119226035,0.19596096834584806,0.18903204880544303,0.00456376546962974,0.0007408463746088329
